{
  "name":"azure-databricks-starterkit",
  "variables": {
    "name": {
      "type": "string",
      "title": "Project Name",
      "default": "My Databricks Project"
    },
    "description": {
      "type": "string",
      "title": "Project Description",
      "default": "Data process with Azure Databricks"
    },
    "nuttertest": {
      "type": "boolean",
      "title": "Add Nutter Test",
      "default": false
    }

  },
  "rules": {
    "test/main_notebook_test.py": "nuttertest",
    "devops/template/deploy_notebook_job.yml": "_pipelines",
    "devops/template/test_notebook_job.yml": ["_pipelines", "nuttertest"],
    "devops/pr-pipeline.yml": "_pipelines",
    "devops/cd-pipeline.yml": "_pipelines",
    "devops/pd-pipeline.yml": "_pipelines"

  },
  "branches":{
    "dev":{
      "description": "Dev Branch"
    },
    "stg":{
      "description": "Staging Branch"
    },
    "release":{
      "description": "Release Branch"
    }
  },
  "variablegroups": {
    "Databricks-test-environment": {
      "databricksDomain_test": {
        "isSecured": false,
        "value": ""
      },
      "databricksClusterId_test": {
        "isSecred": false,
        "value": ""
      },
      "databricksToken_test": {
        "isSecred": true,
        "value": ""
      }
    },
    "Databricks-stg-environment": {
      "databricksDomain_stg": {
        "isSecred": false,
        "value": ""
      },
      "databricksClusterId_stg": {
        "isSecred": false,
        "value": ""
      },
      "databricksToken_stg": {
        "isSecred": true,
        "value": ""
      }
    },
    "Databricks-prod-environment": {
      "databricksDomain_prod": {
        "isSecred": false,
        "value": ""
      },
      "databricksClusterId_prod": {
        "isSecred": false,
        "value": ""
      },
      "databricksToken_prod": {
        "isSecred": true,
        "value": ""
      }
    }
  },
  "pipelines": {
    "pr_pipeline":{
      "folder":"databricks-pipelines",
      "path":"devops/pr-pipeline.yml"
    },
    "cd_pipeline":{
      "folder":"databricks-pipelines",
      "path":"devops/cd-pipeline.yml"
    },
    "pd_pipeline":{
      "folder":"databricks-pipelines",
      "path":"devops/pd-pipeline.yml"
    }
  }
}

