{
  "name":"simple-repo",
  "variables": {
    "name": {
      "type": "string",
      "title": "Project Name",
      "default": "sampleApp"
    },
    "description": {
      "type": "string",
      "title": "Project Description",
      "default": "sample app"
    },
    "test": {
      "type": "boolean",
      "title": "Need Test",
      "default": true
    },
    "license": {
      "type": "string",
      "title": "License",
      "enum": ["Apache-2.0", "ISC"],
      "default": "ISC"
    }
  },
  "rules": {
    "test/test.sh": "test",
    "devops/pipeline.yml": "_pipelines",
    "devops/ci_pipeline.yml": ["_pipelines", "test"]
  },
  "branches":{
    "dev":{
      "description": "Dev Branch"
    },
    "stg":{
      "description": "Staging Branch"
    },
    "release":{
      "description": "Release Branch"
    }
  },
  "variablegroups": {
    "sample-vg": {
      "sample_var": {
        "isSecured": false,
        "value": "val"
      }
    }
  },
  "pipelines": {
    "ci_pipeline":{
      "folder":"pipelines",
      "path":"devops/ci_pipeline.yml"
    },
    "cd_pipeline":{
      "folder":"pipelines",
      "path":"devops/cd_pipeline.yml"
    }
  }
}
