{
  "variables": {
    "name": {
      "type": "string",
      "title": "Project/Repository Name",
      "default": "sampleApp"
    },
    "description": {
      "type": "string",
      "title": "Project/Repository Description",
      "default": "sample app"
    },
    "author": {
      "type": "string",
      "title": "Author",
      "default": "authoer"
    },
    "homepage": {
        "type": "string",
        "title": "Homepage",        
        "default": "https://github.com"

    },
    "test": {
      "type": "boolean",
      "title": "Add Unit Test",
      "default": true
    },
    "license": {
      "type": "string",
      "title": "License",
      "enum": ["Apache-2.0", "ISC"],
      "default": "ISC"
    },
    "keywords":{
        "type": "string",
        "title": "Homepage",
        "default": "https://github.com"
    }
  },
  "rules": {
      "LICENSE": false
    }
}
