{
  "name":"azure-mlops-mlflow-starterkit",
  "variables": {
    "subscriptionId": {
      "type": "string",
      "title": "Subscription ID",
      "default": ""
    },
    "resourceGroup": {
      "type": "string",
      "title": "Resource Group",
      "default": ""
    },    
    "tenantId": {
      "type": "string",
      "title": "Tenant ID",
      "default": ""
    },
    "mlWorkspaceName": {
      "type": "string",
      "title": "Azure ML workspace name",
      "default": ""
    },
    "mlWorkspaceLocation": {
      "type": "string",
      "title": "Azure ML workspace location",
      "default": ""
    },
    "mlComputeTarget": {
      "type": "string",
      "title": "Azure ML compute target",
      "default": ""
    },
    "registerModel": {
      "type": "boolean",
      "title": "Add model registering stage to CD pipeline",
      "default": false
    },
    "deployModel": {
      "type": "boolean",
      "title": "Add model deloying as scoring web service stage to CD pipeline",
      "default": false
    }
  },
  "rules": {
    "devops/cd-pipeline.yml": "_pipelines",
    "devops/ci-pipeline.yml": "_pipelines",
    "devops/pr-pipeline.yml": "_pipelines"
  },
  "branches":{
    "dev":{
      "description": "Dev Branch"
    },
    "stg":{
      "description": "Staging Branch"
    },
    "release":{
      "description": "Release Branch"
    }
  },
  "variablegroups": {
    "azure-mlops-mlflow-variable-group": {
      "AML_WORKSPACE_SVC_CONNECTION": {
        "isSecured": false,
        "value": "azure-ml-workspace-service-connection"
      }
    }
  },
  "pipelines": {
    "mlflow-ci-pipeline":{
      "folder":"mlflow-pipelines",
      "path":"devops/ci-pipeline.yml"
    },
    "mlflow-cd-pipeline":{
      "folder":"mlflow-pipelines",
      "path":"devops/cd-pipeline.yml"
    },
    "mlflow-pr-pipeline":{
      "folder":"mlflow-pipelines",
      "path":"devops/pr-pipeline.yml"
    }
  },
  "serviceconnections": {
    "azure-ml-workspace-service-connection":{
      "type":"AzureMLWorkspace"
    }
  }
}

