{
  "variables": {
    "name": {
      "type": "string",
      "title": "Project Name",
      "default": "sampleApp"
    },
    "description": {
      "type": "string",
      "title": "Project Description",
      "default": "sample app"
    },
    "gitignore": {
      "type": "boolean",
      "title": "Need .gitignore",
      "default": true
    }
  },
  "rules": {
    ".gitignore": "gitignore"
  },
  "branches":{
    "dev":{
      "description": "Dev Branch"
    },
    "stg":{
      "description": "Staging Branch"
    },
    "release":{
      "description": "Release Branch"
    }
  },
  "variablegroups": {
    "sample-vg": {
      "sample_var": {
        "isSecured": false,
        "value": "val"
      }
    }
  },
  "pipelines": {
    "pr_pipeline":{
      "folder":"pipelines",
      "path":"devops/pipeline.yml"
    }
  }
}
